assembly_accession	Genome Name	Contigs > 5kb	Genome Contigs	Number of Coding Sequences	Too short	Not enough phage hits	Kept	Note	length	bioproject	biosample	wgs_master	refseq_category	taxid	species_taxid	organism_name	infraspecific_name	isolate	version_status	assembly_level	release_type	genome_rep	seq_rel_date	asm_name	submitter	gbrs_paired_asm	paired_asm_comp	ftp_path	excluded_from_refseq	relation_to_type_material	MAG status	ncbispecies	strain	domain	phylum	class	order	family	genus	species
GCA_004801255.1	Desulfovibrio desulfuricans strain IC1 chromosome, complete genome.	1.0	1	2680	10	6	3	Complete	67806	PRJNA484947	SAMN09779309		na	876.0	876.0	Desulfovibrio desulfuricans	strain=IC1		latest	Complete Genome	Major	Full	2019/04/19	ASM480125v1	University of Missouri Columbia	GCF_004801255.1	identical	ftp://ftp.ncbi.nlm.nih.gov/genomes/all/GCA/004/801/255/GCA_004801255.1_ASM480125v1	nan		No	Desulfovibrio desulfuricans	Desulfovibrio desulfuricans	Bacteria	Desulfobacterota_I	Desulfovibrionia	Desulfovibrionales	Desulfovibrionaceae	Desulfovibrio	Desulfovibrio desulfuricans_C
GCA_900116045.1	Desulfovibrio piger isolate FI11049 genome assembly, chromosome: I.	1.0	1	2535	10	2	4	Complete	176572	PRJEB16679	SAMEA4527702		na	901.0	901.0	Desulfovibrio piger		FI11049	latest	Complete Genome	Major	Full	2016/11/12	DESPIGER	IFR	GCF_900116045.1	identical	ftp://ftp.ncbi.nlm.nih.gov/genomes/all/GCA/900/116/045/GCA_900116045.1_DESPIGER	nan		No	Desulfovibrio piger	Desulfovibrio piger	Bacteria	Desulfobacterota_I	Desulfovibrionia	Desulfovibrionales	Desulfovibrionaceae	Desulfovibrio	Desulfovibrio piger_A
GCA_000691605.1	Bdellovibrio bacteriovorus strain 109J, complete genome.	1.0	1	3589	7	1	0	Complete	0	PRJNA246120	SAMN02743506		na	959.0	959.0	Bdellovibrio bacteriovorus	strain=109J		latest	Complete Genome	Major	Full	2014/05/15	ASM69160v1	Hebrew University of Jerusalem	GCF_000691605.1	identical	ftp://ftp.ncbi.nlm.nih.gov/genomes/all/GCA/000/691/605/GCA_000691605.1_ASM69160v1	nan		No	Bdellovibrio bacteriovorus	Bdellovibrio bacteriovorus	Bacteria	Bdellovibrionota	Bdellovibrionia	Bdellovibrionales	Bdellovibrionaceae	Bdellovibrio	Bdellovibrio bacteriovorus
GCA_002208115.1	Bdellovibrio bacteriovorus strain SSB218315 chromosome, complete	1.0	1	3579	11	0	0	Complete	0	PRJNA383405	SAMN06764627		na	959.0	959.0	Bdellovibrio bacteriovorus	strain=SSB218315		latest	Complete Genome	Major	Full	2017/06/26	ASM220811v1	CENTRO DE BIOTECNOLOGIA GENOMICA, INSTITUTO POLITECNICO NACIONAL	GCF_002208115.1	identical	ftp://ftp.ncbi.nlm.nih.gov/genomes/all/GCA/002/208/115/GCA_002208115.1_ASM220811v1	nan		No	Bdellovibrio bacteriovorus	Bdellovibrio bacteriovorus	Bacteria	Bdellovibrionota	Bdellovibrionia	Bdellovibrionales	Bdellovibrionaceae	Bdellovibrio	Bdellovibrio bacteriovorus_C
GCA_002872415.1	Bacteriovorax stolpii strain DSM 12778 chromosome, complete genome.	1.0	1	3742	5	6	0	Complete	0	PRJNA427779	SAMN08275051		na	960.0	960.0	Bacteriovorax stolpii	strain=DSM 12778		latest	Complete Genome	Major	Full	2018/01/11	ASM287241v1	Zhejiang Academy of Agricultural Sciences	GCF_002872415.1	identical	ftp://ftp.ncbi.nlm.nih.gov/genomes/all/GCA/002/872/415/GCA_002872415.1_ASM287241v1	nan	assembly from type material	No	Bacteriovorax stolpii	Bacteriovorax stolpii	Bacteria	Bdellovibrionota	Bacteriovoracia	Bacteriovoracales	Bacteriovoracaceae	Bacteriovorax	Bacteriovorax stolpii
GCA_006874605.1	Bacteriovorax stolpii strain AC01 chromosome, complete genome.	1.0	1	3812	4	0	0	Complete	0	PRJNA475987	SAMN09407960		representative genome	960.0	960.0	Bacteriovorax stolpii	strain=AC01		latest	Complete Genome	Major	Full	2019/07/11	ASM687460v1	Providence College	GCF_006874605.1	identical	ftp://ftp.ncbi.nlm.nih.gov/genomes/all/GCA/006/874/605/GCA_006874605.1_ASM687460v1	nan		No	Bacteriovorax stolpii	Bacteriovorax stolpii	Bacteria	Bdellovibrionota	Bacteriovoracia	Bacteriovoracales	Bacteriovoracaceae	Bacteriovorax	Bacteriovorax stolpii
GCA_001273775.1	Nitrospira moscoviensis strain NSP M-1, complete genome.	1.0	1	4790	4	19	5	Complete	133915	PRJNA283178	SAMN03702441		representative genome	42253.0	42253.0	Nitrospira moscoviensis	strain=NSP M-1		latest	Complete Genome	Major	Full	2015/08/25	ASM127377v1	University of Vienna	GCF_001273775.1	identical	ftp://ftp.ncbi.nlm.nih.gov/genomes/all/GCA/001/273/775/GCA_001273775.1_ASM127377v1	nan	assembly from type material	No	Nitrospira moscoviensis	Nitrospira moscoviensis	Bacteria	Nitrospirota	Nitrospiria	Nitrospirales	Nitrospiraceae	Nitrospira_E	Nitrospira_E moscoviensis
GCA_000800395.1	Deinococcus swuensis strain DY59, complete genome.	1.0	1	2904	4	3	0	Complete	0	PRJNA268296	SAMN03218061		representative genome	1182571.0	1182571.0	Deinococcus swuensis	strain=DY59		latest	Complete Genome	Major	Full	2014/12/09	ASM80039v1	Kyungpook National University	GCF_000800395.1	identical	ftp://ftp.ncbi.nlm.nih.gov/genomes/all/GCA/000/800/395/GCA_000800395.1_ASM80039v1	nan	assembly from type material	No			Bacteria	Deinococcota	Deinococci	Deinococcales	Deinococcaceae	Deinococcus	Deinococcus radiopugnans
GCA_000024665.1	Fibrobacter succinogenes subsp. succinogenes S85, complete genome.	1.0	1	3085	6	2	1	Complete	16169	PRJNA32617	SAMN02598491		na	59374.0	833.0	Fibrobacter succinogenes subsp. succinogenes S85	strain=S85		latest	Complete Genome	Major	Full	2009/10/15	ASM2466v1	US DOE Joint Genome Institute (JGI-PGF)	GCF_000024665.1	identical	ftp://ftp.ncbi.nlm.nih.gov/genomes/all/GCA/000/024/665/GCA_000024665.1_ASM2466v1	nan	assembly from type material	No	Fibrobacter succinogenes	Fibrobacter succinogenes subsp. succinogenes S85	Bacteria	Fibrobacterota	Fibrobacteria	Fibrobacterales	Fibrobacteraceae	Fibrobacter	Fibrobacter succinogenes
GCA_000146505.1	Fibrobacter succinogenes subsp. succinogenes S85, complete genome.	1.0	1	2871	6	6	0	Complete	0	PRJNA47	SAMN02603971		na	59374.0	833.0	Fibrobacter succinogenes subsp. succinogenes S85	strain=S85		latest	Complete Genome	Major	Full	2010/08/06	ASM14650v1	TIGR	GCF_000146505.1	identical	ftp://ftp.ncbi.nlm.nih.gov/genomes/all/GCA/000/146/505/GCA_000146505.1_ASM14650v1	nan	assembly from type material	No	Fibrobacter succinogenes	Fibrobacter succinogenes subsp. succinogenes S85	Bacteria	Fibrobacterota	Fibrobacteria	Fibrobacterales	Fibrobacteraceae	Fibrobacter	Fibrobacter succinogenes
GCA_015709715.1	Nitrospira sp. isolate H3_NOB1 chromosome, complete genome.	1.0	1	3906	36	0	3	Complete	49268	PRJNA627084	SAMN15013945		na	70125.0	70125.0	Nitrospira sp.		H3_NOB1	latest	Complete Genome	Major	Full	2020/12/01	ASM1570971v1	The University of Hong Kong	na	na	ftp://ftp.ncbi.nlm.nih.gov/genomes/all/GCA/015/709/715/GCA_015709715.1_ASM1570971v1	derived from metagenome		Yes	Nitrospira sp.	Nitrospira sp.	Bacteria	Nitrospirota	Nitrospiria	Nitrospirales	Nitrospiraceae	Nitrospira_A	Nitrospira_A sp001567445
GCA_002442875.1	Halobacteriovorax marinus strain BE01 chromosome, complete genome.	1.0	1	3219	3	0	0	Complete	0	PRJNA343955	SAMN05806433		na	97084.0	97084.0	Halobacteriovorax marinus	strain=BE01		latest	Complete Genome	Major	Full	2017/10/04	ASM244287v1	Providence College	GCF_002442875.1	identical	ftp://ftp.ncbi.nlm.nih.gov/genomes/all/GCA/002/442/875/GCA_002442875.1_ASM244287v1	nan		No	Halobacteriovorax marinus	Halobacteriovorax marinus	Bacteria	Bdellovibrionota	Bacteriovoracia	Bacteriovoracales	Bacteriovoracaceae	Halobacteriovorax	Halobacteriovorax marinus
GCA_004087915.1	Geovibrio thiophilus strain DSM 11263 chromosome, complete genome.	1.0	1	2706	9	7	2	Complete	80814	PRJNA514423	SAMN10724383		representative genome	139438.0	139438.0	Geovibrio thiophilus	strain=DSM 11263		latest	Complete Genome	Major	Full	2019/01/21	ASM408791v1	Leibniz Institute DSMZ-German Collection of Microorganisms and Cell Cultures	GCF_004087915.1	identical	ftp://ftp.ncbi.nlm.nih.gov/genomes/all/GCA/004/087/915/GCA_004087915.1_ASM408791v1	nan	assembly from type material	No	Geovibrio thiophilus	Geovibrio thiophilus	Bacteria	Deferribacterota	Deferribacteres	Deferribacterales	Denitrovibrionaceae	Geovibrio	Geovibrio thiophilus
GCA_900079715.1	Uncultured Desulfovibrio sp. isolate 92-2 genome assembly,	1.0	1	3434	15	4	5	Complete	194292	PRJEB13531	SAMEA3931514	FLUP00000000.1	na	167968.0	167968.0	uncultured Desulfovibrio sp.		92-2	latest	Scaffold	Major	Full	2017/06/30	APW_PRJEB13531_v1	Genoscope CEA	na	na	ftp://ftp.ncbi.nlm.nih.gov/genomes/all/GCA/900/079/715/GCA_900079715.1_APW_PRJEB13531_v1	derived from environmental source		No	uncultured Desulfovibrio sp.	uncultured Desulfovibrio sp.	Bacteria	Desulfobacterota_I	Desulfovibrionia	Desulfovibrionales	Desulfovibrionaceae	Desulfovibrio	Desulfovibrio desulfuricans
GCA_900079715.1	Uncultured Desulfovibrio sp. isolate 92-2 genome assembly,	1.0	1	3434	15	4	5	Complete	194292	PRJEB13531	SAMEA3931514	FLUP00000000.1	na	167968.0	167968.0	uncultured Desulfovibrio sp.		92-2	latest	Scaffold	Major	Full	2017/06/30	APW_PRJEB13531_v1	Genoscope CEA	na	na	ftp://ftp.ncbi.nlm.nih.gov/genomes/all/GCA/900/079/715/GCA_900079715.1_APW_PRJEB13531_v1	derived from environmental source		No	uncultured Desulfovibrio sp.	uncultured Desulfovibrio sp.	Bacteria	Desulfobacterota_I	Desulfovibrionia	Desulfovibrionales	Desulfovibrionaceae	Desulfovibrio	Desulfovibrio desulfuricans
GCA_900095395.1	uncultured Desulfovibrio sp. isolate 86-1 genome assembly,	1.0	1	3339	14	12	7	Complete	124056	PRJEB14294	SAMEA4384482	FMJC00000000.1	na	167968.0	167968.0	uncultured Desulfovibrio sp.		86-1	latest	Chromosome	Major	Full	2017/06/30	APW_KL86DES1_v1	Genoscope CEA	na	na	ftp://ftp.ncbi.nlm.nih.gov/genomes/all/GCA/900/095/395/GCA_900095395.1_APW_KL86DES1_v1	derived from environmental source		No	uncultured Desulfovibrio sp.	uncultured Desulfovibrio sp.	Bacteria	Desulfobacterota_I	Desulfovibrionia	Desulfovibrionales	Desulfovibrionaceae	Desulfovibrio	Desulfovibrio sp900095395
GCA_900095395.1	uncultured Desulfovibrio sp. isolate 86-1 genome assembly,	1.0	1	3339	14	12	7	Complete	124056	PRJEB14294	SAMEA4384482	FMJC00000000.1	na	167968.0	167968.0	uncultured Desulfovibrio sp.		86-1	latest	Chromosome	Major	Full	2017/06/30	APW_KL86DES1_v1	Genoscope CEA	na	na	ftp://ftp.ncbi.nlm.nih.gov/genomes/all/GCA/900/095/395/GCA_900095395.1_APW_KL86DES1_v1	derived from environmental source		No	uncultured Desulfovibrio sp.	uncultured Desulfovibrio sp.	Bacteria	Desulfobacterota_I	Desulfovibrionia	Desulfovibrionales	Desulfovibrionaceae	Desulfovibrio	Desulfovibrio sp900095395
GCA_000012665.1	Desulfovibrio alaskensis G20, complete genome.	1.0	1	3258	24	2	5	Complete	155027	PRJNA329	SAMN02598492		representative genome	207559.0	58180.0	Desulfovibrio alaskensis G20	strain=G20		latest	Complete Genome	Major	Full	2005/10/28	ASM1266v1	DOE Joint Genome Institute	GCF_000012665.1	identical	ftp://ftp.ncbi.nlm.nih.gov/genomes/all/GCA/000/012/665/GCA_000012665.1_ASM1266v1	nan		No	Oleidesulfovibrio alaskensis	Oleidesulfovibrio alaskensis G20	Bacteria	Desulfobacterota_I	Desulfovibrionia	Desulfovibrionales	Desulfovibrionaceae	Oleidesulfovibrio	Oleidesulfovibrio alaskensis
GCA_000196175.1	Bdellovibrio bacteriovorus complete genome, strain HD100.	1.0	1	3583	6	12	1	Complete	19781	PRJNA9637	SAMEA3138335		representative genome	264462.0	959.0	Bdellovibrio bacteriovorus HD100	strain=HD100		latest	Complete Genome	Major	Full	2004/02/10	ASM19617v1	Max-Planck-Institute	GCF_000196175.1	identical	ftp://ftp.ncbi.nlm.nih.gov/genomes/all/GCA/000/196/175/GCA_000196175.1_ASM19617v1	nan	assembly from type material	No	Bdellovibrio bacteriovorus	Bdellovibrio bacteriovorus HD100	Bacteria	Bdellovibrionota	Bdellovibrionia	Bdellovibrionales	Bdellovibrionaceae	Bdellovibrio	Bdellovibrio bacteriovorus
GCA_000020985.1	Thermodesulfovibrio yellowstonii DSM 11347, complete genome.	1.0	1	2033	4	3	1	Complete	74400	PRJNA30733	SAMN02603929		representative genome	289376.0	28262.0	Thermodesulfovibrio yellowstonii DSM 11347	strain=DSM 11347		latest	Complete Genome	Major	Full	2008/09/26	ASM2098v1	The J. Craig Venter Institute	GCF_000020985.1	identical	ftp://ftp.ncbi.nlm.nih.gov/genomes/all/GCA/000/020/985/GCA_000020985.1_ASM2098v1	nan	assembly from type material	No	Thermodesulfovibrio yellowstonii	Thermodesulfovibrio yellowstonii DSM 11347	Bacteria	Nitrospirota	Thermodesulfovibrionia	Thermodesulfovibrionales	Thermodesulfovibrionaceae	Thermodesulfovibrio	Thermodesulfovibrio yellowstonii
GCA_000009905.1	Symbiobacterium thermophilum IAM 14863 DNA, complete genome.	1.0	1	3337	5	9	1	Complete	39915	PRJNA12994	SAMD00061067		representative genome	292459.0	2734.0	Symbiobacterium thermophilum IAM 14863	strain=IAM14863		latest	Complete Genome	Major	Full	2004/09/02	ASM990v1	Kitasato Institute for Life Sciences, Japan	GCF_000009905.1	identical	ftp://ftp.ncbi.nlm.nih.gov/genomes/all/GCA/000/009/905/GCA_000009905.1_ASM990v1	nan	assembly from type material	No	Symbiobacterium thermophilum	Symbiobacterium thermophilum IAM 14863	Bacteria	Firmicutes_E	Symbiobacteriia	Symbiobacteriales	Symbiobacteriaceae	Symbiobacterium	Symbiobacterium thermophilum
GCA_004117075.1	Fervidobacterium changbaicum strain CBS-1 chromosome.	1.0	1	2046	2	1	0	Complete	0	PRJNA431709	SAMN08398973		representative genome	310769.0	310769.0	Fervidobacterium changbaicum	strain=CBS-1		latest	Chromosome	Major	Full	2019/01/29	ASM411707v1	Kyungpook National University	GCF_004117075.1	identical	ftp://ftp.ncbi.nlm.nih.gov/genomes/all/GCA/004/117/075/GCA_004117075.1_ASM411707v1	nan	assembly from type material	No	Fervidobacterium changbaicum	Fervidobacterium changbaicum	Bacteria	Thermotogota	Thermotogae	Thermotogales	Fervidobacteriaceae	Fervidobacterium	Fervidobacterium changbaicum
GCA_000018865.1	Chloroflexus aurantiacus J-10-fl, complete genome.	1.0	1	3853	17	5	2	Complete	53765	PRJNA59	SAMN02598539		na	324602.0	1108.0	Chloroflexus aurantiacus J-10-fl	strain=J-10-fl		latest	Complete Genome	Major	Full	2007/12/20	ASM1886v1	US DOE Joint Genome Institute	GCF_000018865.1	identical	ftp://ftp.ncbi.nlm.nih.gov/genomes/all/GCA/000/018/865/GCA_000018865.1_ASM1886v1	nan	assembly from type material	No	Chloroflexus aurantiacus	Chloroflexus aurantiacus J-10-fl	Bacteria	Chloroflexota	Chloroflexia	Chloroflexales	Chloroflexaceae	Chloroflexus	Chloroflexus aurantiacus
GCA_000021945.1	Chloroflexus aggregans DSM 9485, complete genome.	1.0	1	3730	9	8	1	Complete	31699	PRJNA16708	SAMN00623036		representative genome	326427.0	152260.0	Chloroflexus aggregans DSM 9485	strain=DSM 9485		latest	Complete Genome	Major	Full	2009/01/05	ASM2194v1	US DOE Joint Genome Institute	GCF_000021945.1	identical	ftp://ftp.ncbi.nlm.nih.gov/genomes/all/GCA/000/021/945/GCA_000021945.1_ASM2194v1	nan	assembly from type material	No	Chloroflexus aggregans	Chloroflexus aggregans DSM 9485	Bacteria	Chloroflexota	Chloroflexia	Chloroflexales	Chloroflexaceae	Chloroflexus	Chloroflexus aggregans
GCA_000196815.1	Candidatus Nitrospira defluvii chromosome, complete genome.	1.0	1	4271	12	14	4	Complete	115817	PRJEA46433	SAMEA2272290		na	330214.0	330214.0	Nitrospira defluvii			latest	Complete Genome	Major	Full	2010/07/14	ASM19681v1	Genoscope / CEA	GCF_000196815.1	identical	ftp://ftp.ncbi.nlm.nih.gov/genomes/all/GCA/000/196/815/GCA_000196815.1_ASM19681v1	missing strain identifier		No	Nitrospira defluvii	Nitrospira defluvii	Bacteria	Nitrospirota	Nitrospiria	Nitrospirales	Nitrospiraceae	Nitrospira_A	Nitrospira_A defluvii_A
GCA_002951815.1	Sulfobacillus thermotolerans strain Kr1 chromosome, complete	1.0	1	3172	8	8	1	Complete	22380	PRJNA362996	SAMN06251633		na	338644.0	338644.0	Sulfobacillus thermotolerans	strain=Kr1		latest	Complete Genome	Major	Full	2018/02/01	ASM295181v1	Federal Research and Clinical Center of Physical-Chemical Medicine of FMBA of Russia	na	na	ftp://ftp.ncbi.nlm.nih.gov/genomes/all/GCA/002/951/815/GCA_002951815.1_ASM295181v1	missing rRNA genes	assembly from type material	No	Sulfobacillus thermotolerans	Sulfobacillus thermotolerans	Bacteria	Firmicutes_E	Sulfobacillia	Sulfobacillales	Sulfobacillaceae	Sulfobacillus	Sulfobacillus thermotolerans
GCA_000016665.1	Roseiflexus sp. RS-1, complete genome.	1.0	1	4517	9	6	0	Complete	0	PRJNA16190	SAMN02598362		na	357808.0	357808.0	Roseiflexus sp. RS-1	strain=RS-1		latest	Complete Genome	Major	Full	2007/06/04	ASM1666v1	US DOE Joint Genome Institute	GCF_000016665.1	identical	ftp://ftp.ncbi.nlm.nih.gov/genomes/all/GCA/000/016/665/GCA_000016665.1_ASM1666v1	nan		No	Roseiflexus sp. RS-1	Roseiflexus sp. RS-1	Bacteria	Chloroflexota	Chloroflexia	Chloroflexales	Roseiflexaceae	Roseiflexus	Roseiflexus sp000016665
GCA_001050215.2	Bellilinea caldifistulae DNA, scaffold: Becal_scaffold_1, strain:	1.0	1	3400	19	2	3	Complete	109289	PRJDB4020	SAMD00034886	BBXX00000000.1	representative genome	360411.0	360411.0	Bellilinea caldifistulae	strain=GOMI-1		latest	Scaffold	Major	Full	2015/07/04	ASM105021v2	National Institute of Advanced Industrial Science and Technology (AIST)	GCF_001050215.2	identical	ftp://ftp.ncbi.nlm.nih.gov/genomes/all/GCA/001/050/215/GCA_001050215.2_ASM105021v2	nan	assembly from type material	No	Bellilinea caldifistulae	Bellilinea caldifistulae	Bacteria	Chloroflexota	Anaerolineae	Anaerolineales	Anaerolineaceae	Bellilinea	Bellilinea caldifistulae
GCA_013085545.1	Desulfovibrio marinus strain CS1 chromosome, complete genome.	1.0	1	4090	28	9	1	Complete	21262	PRJNA532982	SAMN11431105		representative genome	370038.0	370038.0	Desulfovibrio marinus	strain=CS1		latest	Complete Genome	Major	Full	2020/05/14	ASM1308554v1	Institute of Oceanology, Chinese Academy of Sciences	GCF_013085545.1	identical	ftp://ftp.ncbi.nlm.nih.gov/genomes/all/GCA/013/085/545/GCA_013085545.1_ASM1308554v1	nan		No	Oceanidesulfovibrio marinus	Oceanidesulfovibrio marinus	Bacteria	Desulfobacterota_I	Desulfovibrionia	Desulfovibrionales	Desulfovibrionaceae	Desulfovibrio_R	Desulfovibrio_R marinus
GCA_000020485.1	Halothermothrix orenii H 168, complete genome.	1.0	1	2342	8	8	2	Complete	58865	PRJNA16377	SAMN00623047		representative genome	373903.0	31909.0	Halothermothrix orenii H 168	strain=H 168; DSM 9562		latest	Complete Genome	Major	Full	2009/01/13	ASM2048v1	US DOE Joint Genome Institute	GCF_000020485.1	identical	ftp://ftp.ncbi.nlm.nih.gov/genomes/all/GCA/000/020/485/GCA_000020485.1_ASM2048v1	nan	assembly from type material	No	Halothermothrix orenii	Halothermothrix orenii H 168	Bacteria	Firmicutes_F	Halanaerobiia	Halanaerobiales	Halothermotrichaceae	Halothermothrix	Halothermothrix orenii
GCA_000010305.1	Gemmatimonas aurantiaca T-27 DNA, complete genome.	1.0	1	3935	7	4	2	Complete	76250	PRJDA18501	SAMD00060909		representative genome	379066.0	173480.0	Gemmatimonas aurantiaca T-27	strain=T-27		latest	Complete Genome	Major	Full	2009/04/01	ASM1030v1	National Institute of Technology and Evaluation	GCF_000010305.1	identical	ftp://ftp.ncbi.nlm.nih.gov/genomes/all/GCA/000/010/305/GCA_000010305.1_ASM1030v1	nan	assembly from type material	No	Gemmatimonas aurantiaca	Gemmatimonas aurantiaca T-27	Bacteria	Gemmatimonadota	Gemmatimonadetes	Gemmatimonadales	Gemmatimonadaceae	Gemmatimonas	Gemmatimonas aurantiaca
GCA_000017805.1	Roseiflexus castenholzii DSM 13941, complete genome.	1.0	1	4330	9	8	0	Complete	0	PRJNA13462	SAMN02598306		representative genome	383372.0	120962.0	Roseiflexus castenholzii DSM 13941	strain=DSM 13941		latest	Complete Genome	Major	Full	2007/08/23	ASM1780v1	US DOE Joint Genome Institute	GCF_000017805.1	identical	ftp://ftp.ncbi.nlm.nih.gov/genomes/all/GCA/000/017/805/GCA_000017805.1_ASM1780v1	nan	assembly from type material	No	Roseiflexus castenholzii	Roseiflexus castenholzii DSM 13941	Bacteria	Chloroflexota	Chloroflexia	Chloroflexales	Roseiflexaceae	Roseiflexus	Roseiflexus castenholzii
GCA_000017865.1	Pseudothermotoga lettingae TMO chromosome, complete genome.	1.0	1	2040	3	2	0	Complete	0	PRJNA15644	SAMN02598331		representative genome	416591.0	177758.0	Pseudothermotoga lettingae TMO	strain=TMO		latest	Complete Genome	Major	Full	2007/09/18	ASM1786v1	US DOE Joint Genome Institute	GCF_000017865.1	identical	ftp://ftp.ncbi.nlm.nih.gov/genomes/all/GCA/000/017/865/GCA_000017865.1_ASM1786v1	nan	assembly from type material	No	Pseudothermotoga lettingae	Pseudothermotoga lettingae TMO	Bacteria	Thermotogota	Thermotogae	Thermotogales	DSM-5069	Pseudothermotoga_B	Pseudothermotoga_B elfii
GCA_001457855.1	Chthonomonas calidirosea genome assembly WRG1.2, scaffold	1.0	1	2855	9	5	0	Complete	0	PRJEB4936	SAMEA2248199	CDLE00000000.1	na	454171.0	454171.0	Chthonomonas calidirosea	strain=WRG1.2		latest	Scaffold	Major	Full	2015/10/29	WRG1.2	GNS	GCF_001457855.1	identical	ftp://ftp.ncbi.nlm.nih.gov/genomes/all/GCA/001/457/855/GCA_001457855.1_WRG1.2	nan		No	Chthonomonas calidirosea	Chthonomonas calidirosea	Bacteria	Armatimonadota	Chthonomonadetes	Chthonomonadales	Chthonomonadaceae	Chthonomonas	Chthonomonas calidirosea
GCA_001457975.1	Chthonomonas calidirosea genome assembly P488, scaffold chromosome,	1.0	1	2876	7	8	0	Complete	0	PRJEB4907	SAMEA2248198	CDLF00000000.1	na	454171.0	454171.0	Chthonomonas calidirosea	strain=P488		latest	Scaffold	Major	Full	2015/11/03	P488	GNS	GCF_001457975.1	identical	ftp://ftp.ncbi.nlm.nih.gov/genomes/all/GCA/001/457/975/GCA_001457975.1_P488	nan		No	Chthonomonas calidirosea	Chthonomonas calidirosea	Bacteria	Armatimonadota	Chthonomonadetes	Chthonomonadales	Chthonomonadaceae	Chthonomonas	Chthonomonas calidirosea
GCA_001458035.1	Chthonomonas calidirosea genome assembly TKA4.10, scaffold	1.0	1	2885	7	5	0	Complete	0	PRJEB4937	SAMEA2248200	CDLG00000000.1	na	454171.0	454171.0	Chthonomonas calidirosea	strain=TKA4.10		latest	Scaffold	Major	Full	2015/11/03	TKA4.10	GNS	GCF_001458035.1	identical	ftp://ftp.ncbi.nlm.nih.gov/genomes/all/GCA/001/458/035/GCA_001458035.1_TKA4.10	nan		No	Chthonomonas calidirosea	Chthonomonas calidirosea	Bacteria	Armatimonadota	Chthonomonadetes	Chthonomonadales	Chthonomonadaceae	Chthonomonas	Chthonomonas calidirosea
GCA_000024425.1	Meiothermus ruber DSM 1279, complete genome.	1.0	1	3014	7	3	2	Complete	52887	PRJNA28827	SAMN00002601		na	504728.0	277.0	Meiothermus ruber DSM 1279	strain=DSM 1279		latest	Complete Genome	Major	Full	2010/03/03	ASM2442v1	US DOE Joint Genome Institute (JGI-PGF)	GCF_000024425.1	identical	ftp://ftp.ncbi.nlm.nih.gov/genomes/all/GCA/000/024/425/GCA_000024425.1_ASM2442v1	nan	assembly from type material	No	Meiothermus ruber	Meiothermus ruber DSM 1279	Bacteria	Deinococcota	Deinococci	Deinococcales	Thermaceae	Meiothermus	Meiothermus ruber
GCA_000376665.1	Meiothermus ruber DSM 1279 genome.	1.0	1	3056	8	2	2	Complete	55511	PRJNA196343	SAMN01909280		representative genome	504728.0	277.0	Meiothermus ruber DSM 1279	strain=DSM 1279		latest	Chromosome	Major	Full	2013/04/22	ASM37666v1	Pacific Biosciences	GCF_000376665.1	identical	ftp://ftp.ncbi.nlm.nih.gov/genomes/all/GCA/000/376/665/GCA_000376665.1_ASM37666v1	nan	assembly from type material	No	Meiothermus ruber	Meiothermus ruber DSM 1279	Bacteria	Deinococcota	Deinococci	Deinococcales	Thermaceae	Meiothermus	Meiothermus ruber
GCA_000023325.1	Kosmotoga olearia TBF 19.5.1, complete genome.	1.0	1	2118	16	3	1	Complete	23480	PRJNA29419	SAMN00001868		representative genome	521045.0	651457.0	Kosmotoga olearia TBF 19.5.1	strain=TBF 19.5.1		latest	Complete Genome	Major	Full	2009/06/08	ASM2332v1	US DOE Joint Genome Institute (JGI-PGF)	GCF_000023325.1	identical	ftp://ftp.ncbi.nlm.nih.gov/genomes/all/GCA/000/023/325/GCA_000023325.1_ASM2332v1	nan	assembly from type material	No	Kosmotoga olearia	Kosmotoga olearia TBF 19.5.1	Bacteria	Thermotogota	Thermotogae	Petrotogales	Kosmotogaceae	Kosmotoga	Kosmotoga olearia
GCA_000025725.1	Denitrovibrio acetiphilus DSM 12809 chromosome, complete genome.	1.0	1	2964	28	3	1	Complete	14822	PRJNA29431	SAMN02598464		representative genome	522772.0	118000.0	Denitrovibrio acetiphilus DSM 12809	strain=DSM 12809		latest	Complete Genome	Major	Full	2010/03/11	ASM2572v1	US DOE Joint Genome Institute (JGI-PGF)	GCF_000025725.1	identical	ftp://ftp.ncbi.nlm.nih.gov/genomes/all/GCA/000/025/725/GCA_000025725.1_ASM2572v1	nan	assembly from type material	No	Denitrovibrio acetiphilus	Denitrovibrio acetiphilus DSM 12809	Bacteria	Deferribacterota	Deferribacteres	Deferribacterales	Denitrovibrionaceae	Denitrovibrio	Denitrovibrio acetiphilus
GCA_000023225.1	Desulfomicrobium baculatum DSM 4028, complete genome.	1.0	1	3436	17	7	1	Complete	16777	PRJNA29527	SAMN00002602		representative genome	525897.0	899.0	Desulfomicrobium baculatum DSM 4028	strain=DSM 4028		latest	Complete Genome	Major	Full	2009/08/26	ASM2322v1	US DOE Joint Genome Institute (JGI-PGF)	GCF_000023225.1	identical	ftp://ftp.ncbi.nlm.nih.gov/genomes/all/GCA/000/023/225/GCA_000023225.1_ASM2322v1	nan	assembly from type material	No	Desulfomicrobium baculatum	Desulfomicrobium baculatum DSM 4028	Bacteria	Desulfobacterota_I	Desulfovibrionia	Desulfovibrionales	Desulfomicrobiaceae	Desulfomicrobium	Desulfomicrobium baculatum
GCA_000023445.1	Desulfovibrio salexigens DSM 2638, complete genome.	1.0	1	3807	13	11	3	Complete	85494	PRJNA29541	SAMN00001870		representative genome	526222.0	880.0	Desulfovibrio salexigens DSM 2638	strain=DSM 2638		latest	Complete Genome	Major	Full	2009/06/26	ASM2344v1	US DOE Joint Genome Institute (JGI-PGF)	GCF_000023445.1	identical	ftp://ftp.ncbi.nlm.nih.gov/genomes/all/GCA/000/023/445/GCA_000023445.1_ASM2344v1	nan	assembly from type material	No	Maridesulfovibrio salexigens	Maridesulfovibrio salexigens DSM 2638	Bacteria	Desulfobacterota_I	Desulfovibrionia	Desulfovibrionales	Desulfovibrionaceae	Maridesulfovibrio	Maridesulfovibrio salexigens
GCA_000165465.1	Halanaerobium praevalens DSM 2228, complete genome.	1.0	1	2068	13	7	0	Complete	0	PRJNA32591	SAMN00103629		representative genome	572479.0	2331.0	Halanaerobium praevalens DSM 2228	strain=DSM 2228		latest	Complete Genome	Major	Full	2010/10/21	ASM16546v1	DOE Joint Genome Institute	GCF_000165465.1	identical	ftp://ftp.ncbi.nlm.nih.gov/genomes/all/GCA/000/165/465/GCA_000165465.1_ASM16546v1	nan	assembly from type material	No	Halanaerobium praevalens	Halanaerobium praevalens DSM 2228	Bacteria	Firmicutes_F	Halanaerobiia	Halanaerobiales	Halanaerobiaceae	Halanaerobium	Halanaerobium praevalens
GCA_000144695.1	Acetohalobium arabaticum DSM 5501, complete genome.	1.0	1	2282	12	8	3	Complete	82244	PRJNA32769	SAMN00016993		representative genome	574087.0	28187.0	Acetohalobium arabaticum DSM 5501	strain=DSM 5501		latest	Complete Genome	Major	Full	2010/08/05	ASM14469v1	US DOE Joint Genome Institute (JGI-PGF)	GCF_000144695.1	identical	ftp://ftp.ncbi.nlm.nih.gov/genomes/all/GCA/000/144/695/GCA_000144695.1_ASM14469v1	nan	assembly from type material	No	Acetohalobium arabaticum	Acetohalobium arabaticum DSM 5501	Bacteria	Firmicutes_F	Halanaerobiia	Halobacteroidales	Acetohalobiaceae	Acetohalobium	Acetohalobium arabaticum
GCA_000165795.1	Aminomonas paucivorans DSM 12260 chromosome, whole genome shotgun	1.0	1	2399	8	5	2	Complete	87382	PRJNA33371	SAMN02256532	AEIV00000000.1	representative genome	584708.0	81412.0	Aminomonas paucivorans DSM 12260	strain=DSM 12260		latest	Chromosome	Major	Full	2010/11/01	ASM16579v1	US DOE Joint Genome Institute (JGI-PGF)	GCF_000165795.1	identical	ftp://ftp.ncbi.nlm.nih.gov/genomes/all/GCA/000/165/795/GCA_000165795.1_ASM16579v1	nan	assembly from type material	No	Aminomonas paucivorans	Aminomonas paucivorans DSM 12260	Bacteria	Synergistota	Synergistia	Synergistales	Synergistaceae	Aminomonas	Aminomonas paucivorans
GCA_900243745.1	Desulfovibrio sp. G11 isolate G11PacBio genome assembly,	1.0	1	2981	49	0	11	Complete	258308	PRJEB22313	SAMEA104278631		na	631220.0	631220.0	Desulfovibrio sp. G11		G11PacBio	latest	Complete Genome	Major	Full	2020/08/22	G11_assembly	WUR	GCF_900243745.1	identical	ftp://ftp.ncbi.nlm.nih.gov/genomes/all/GCA/900/243/745/GCA_900243745.1_G11_assembly	nan		No	Desulfovibrio sp. G11	Desulfovibrio sp. G11	Bacteria	Desulfobacterota_I	Desulfovibrionia	Desulfovibrionales	Desulfovibrionaceae	Desulfovibrio	Desulfovibrio desulfuricans_A
GCA_000176915.2	Pseudodesulfovibrio aespoeensis Aspo-2 chromosome, complete genome.	1.0	1	3304	28	1	3	Complete	142651	PRJNA37869	SAMN00713573		representative genome	643562.0	182210.0	Pseudodesulfovibrio aespoeensis Aspo-2	strain=Aspo-2		latest	Complete Genome	Major	Full	2011/01/04	ASM17691v2	US DOE Joint Genome Institute (JGI-PGF)	GCF_000176915.2	identical	ftp://ftp.ncbi.nlm.nih.gov/genomes/all/GCA/000/176/915/GCA_000176915.2_ASM17691v2	nan	assembly from type material	No	Pseudodesulfovibrio aespoeensis	Pseudodesulfovibrio aespoeensis Aspo-2	Bacteria	Desulfobacterota_I	Desulfovibrionia	Desulfovibrionales	Desulfovibrionaceae	Pseudodesulfovibrio	Pseudodesulfovibrio aespoeensis
GCA_000092425.1	Truepera radiovictrix DSM 17093, complete genome.	1.0	1	2945	8	8	0	Complete	0	PRJNA38371	SAMN02598522		representative genome	649638.0	332249.0	Truepera radiovictrix DSM 17093	strain=DSM 17093		latest	Complete Genome	Major	Full	2010/05/28	ASM9242v1	US DOE Joint Genome Institute (JGI-PGF)	GCF_000092425.1	identical	ftp://ftp.ncbi.nlm.nih.gov/genomes/all/GCA/000/092/425/GCA_000092425.1_ASM9242v1	nan	assembly from type material	No	Truepera radiovictrix	Truepera radiovictrix DSM 17093	Bacteria	Deinococcota	Deinococci	Deinococcales	Trueperaceae	Truepera	Truepera radiovictrix
GCA_000177635.2	Desulfurispirillum indicum S5, complete genome.	1.0	1	2571	17	3	2	Complete	57679	PRJNA38575	SAMN02232016		representative genome	653733.0	936456.0	Desulfurispirillum indicum S5	strain=S5		latest	Complete Genome	Major	Full	2011/01/04	ASM17763v2	US DOE Joint Genome Institute (JGI-PGF)	GCF_000177635.2	identical	ftp://ftp.ncbi.nlm.nih.gov/genomes/all/GCA/000/177/635/GCA_000177635.2_ASM17763v2	nan	assembly from type material	No	Desulfurispirillum indicum	Desulfurispirillum indicum S5	Bacteria	Chrysiogenota	Chrysiogenetes	Chrysiogenales	Chrysiogenaceae	Desulfurispirillum	Desulfurispirillum indicum
GCA_000166415.1	Halanaerobium hydrogeniformans strain sapolanicus chromosome,	1.0	1	2295	21	5	4	Complete	165592	PRJNA43059	SAMN02232026		representative genome	656519.0	656519.0	Halanaerobium hydrogeniformans	strain=sapolanicus		latest	Complete Genome	Major	Full	2010/11/12	ASM16641v1	US DOE Joint Genome Institute	GCF_000166415.1	identical	ftp://ftp.ncbi.nlm.nih.gov/genomes/all/GCA/000/166/415/GCA_000166415.1_ASM16641v1	nan		No	Halanaerobium hydrogeniformans	Halanaerobium hydrogeniformans	Bacteria	Firmicutes_F	Halanaerobiia	Halanaerobiales	Halanaerobiaceae	Halanaerobium	Halanaerobium hydrogeniformans
GCA_000724625.1	Fimbriimonas ginsengisoli Gsoil 348, complete genome.	1.0	1	4820	14	7	2	Complete	96578	PRJNA234472	SAMN02641501		representative genome	661478.0	1005039.0	Fimbriimonas ginsengisoli Gsoil 348	strain=Gsoil 348		latest	Complete Genome	Major	Full	2014/07/10	ASM72462v1	Department of Microbiology and Microbial Engineering, School of Life Sciences, Fudan University	GCF_000724625.1	identical	ftp://ftp.ncbi.nlm.nih.gov/genomes/all/GCA/000/724/625/GCA_000724625.1_ASM72462v1	nan	assembly from type material	No	Fimbriimonas ginsengisoli	Fimbriimonas ginsengisoli Gsoil 348	Bacteria	Armatimonadota	Fimbriimonadia	Fimbriimonadales	Fimbriimonadaceae	Fimbriimonas	Fimbriimonas ginsengisoli
GCA_000091165.1	Candidatus Methylomirabilis oxyfera complete genome.	1.0	1	3092	10	11	3	Complete	80195	PRJNA40193	SAMEA3138294		na	671143.0	671143.0	Candidatus Methylomirabilis oxyfera			latest	Complete Genome	Major	Full	2009/09/16	ASM9116v1	Genoscope	GCF_000091165.1	identical	ftp://ftp.ncbi.nlm.nih.gov/genomes/all/GCA/000/091/165/GCA_000091165.1_ASM9116v1	derived from environmental source		No	Candidatus Methylomirabilis oxyfera	Candidatus Methylomirabilis oxyfera	Bacteria	Methylomirabilota	Methylomirabilia	Methylomirabilales	Methylomirabilaceae	Methylomirabilis	Methylomirabilis oxyfera
GCA_000212675.2	Desulfocurvibacter africanus subsp. africanus str. Walvis Bay	1.0	1	3725	13	1	4	Complete	140741	PRJNA52831	SAMN00713616		representative genome	690850.0	873.0	Desulfocurvibacter africanus subsp. africanus str. Walvis Bay	strain=Walvis Bay		latest	Complete Genome	Major	Full	2012/01/04	ASM21267v2	US DOE Joint Genome Institute	GCF_000212675.2	identical	ftp://ftp.ncbi.nlm.nih.gov/genomes/all/GCA/000/212/675/GCA_000212675.2_ASM21267v2	nan		No	Desulfocurvibacter africanus	Desulfocurvibacter africanus subsp. africanus str. Walvis Bay	Bacteria	Desulfobacterota_I	Desulfovibrionia	Desulfovibrionales	Desulfovibrionaceae	Desulfocurvibacter	Desulfocurvibacter africanus
GCA_000328625.1	Halobacteroides halobius DSM 5150, complete genome.	1.0	1	2468	7	9	3	Complete	147847	PRJNA46811	SAMN02261360		representative genome	748449.0	42422.0	Halobacteroides halobius DSM 5150	strain=DSM 5150		latest	Complete Genome	Major	Full	2012/12/28	ASM32862v1	JGI	GCF_000328625.1	identical	ftp://ftp.ncbi.nlm.nih.gov/genomes/all/GCA/000/328/625/GCA_000328625.1_ASM32862v1	nan	assembly from type material	No	Halobacteroides halobius	Halobacteroides halobius DSM 5150	Bacteria	Firmicutes_F	Halanaerobiia	Halobacteroidales	Halobacteroidaceae	Halobacteroides	Halobacteroides halobius
GCA_000525675.1	Bdellovibrio bacteriovorus W, complete genome.	1.0	1	2871	13	7	1	Complete	20183	PRJNA49011	SAMN03081425		na	765869.0	959.0	Bdellovibrio bacteriovorus W	strain=W		latest	Complete Genome	Major	Full	2014/02/03	ASM52567v1	University of Oklahoma Health Sciences center	GCF_000525675.1	identical	ftp://ftp.ncbi.nlm.nih.gov/genomes/all/GCA/000/525/675/GCA_000525675.1_ASM52567v1	nan		No	Bdellovibrio bacteriovorus	Bdellovibrio bacteriovorus W	Bacteria	Bdellovibrionota	Bdellovibrionia	Bdellovibrionales	Bdellovibrionaceae	Bdellovibrio	Bdellovibrio bacteriovorus_A
GCA_000253035.1	Parachlamydia acanthamoebae UV-7, complete genome.	1.0	1	2788	8	5	1	Complete	14096	PRJEA49033	SAMEA2272163		representative genome	765952.0	83552.0	Parachlamydia acanthamoebae UV-7	strain=UV-7		latest	Complete Genome	Major	Full	2011/06/21	ASM25303v1	University of Vienna, Dept. of Microbial Ecology	GCF_000253035.1	identical	ftp://ftp.ncbi.nlm.nih.gov/genomes/all/GCA/000/253/035/GCA_000253035.1_ASM25303v1	nan		No	Parachlamydia acanthamoebae	Parachlamydia acanthamoebae UV-7	Bacteria	Chlamydiota	Chlamydiia	Chlamydiales	Parachlamydiaceae	Parachlamydia	Parachlamydia acanthamoebae
GCA_000195335.1	Marinithermus hydrothermalis DSM 14884, complete genome.	1.0	1	2205	7	7	0	Complete	0	PRJNA50827	SAMN00713602		representative genome	869210.0	186192.0	Marinithermus hydrothermalis DSM 14884	strain=DSM 14884		latest	Complete Genome	Major	Full	2011/04/07	ASM19533v1	US DOE Joint Genome Institute (JGI-PGF)	GCF_000195335.1	identical	ftp://ftp.ncbi.nlm.nih.gov/genomes/all/GCA/000/195/335/GCA_000195335.1_ASM19533v1	nan	assembly from type material	No	Marinithermus hydrothermalis	Marinithermus hydrothermalis DSM 14884	Bacteria	Deinococcota	Deinococci	Deinococcales	Marinithermaceae	Marinithermus	Marinithermus hydrothermalis
GCA_000241815.1	Caldithrix abyssi DSM 13497 chromosome, whole genome shotgun	1.0	1	3750	8	4	2	Complete	79186	PRJNA51779	SAMN02261371	AGCQ00000000.1	na	880073.0	187145.0	Caldithrix abyssi DSM 13497	strain=DSM 13497		latest	Chromosome	Major	Full	2012/01/10	ASM24181v1	JGI	GCF_000241815.1	identical	ftp://ftp.ncbi.nlm.nih.gov/genomes/all/GCA/000/241/815/GCA_000241815.1_ASM24181v1	nan	assembly from type material	No	Caldithrix abyssi	Caldithrix abyssi DSM 13497	Bacteria	Calditrichota	Calditrichia	Calditrichales	Calditrichaceae	Caldithrix	Caldithrix abyssi
GCA_001886815.1	Caldithrix abyssi DSM 13497 strain LF13 chromosome, complete	1.0	1	4214	14	4	2	Complete	93368	PRJNA350778	SAMN05946030		representative genome	880073.0	187145.0	Caldithrix abyssi DSM 13497	strain=LF13		latest	Complete Genome	Major	Full	2016/11/28	ASM188681v1	Winogradsky INMI RAS	GCF_001886815.1	identical	ftp://ftp.ncbi.nlm.nih.gov/genomes/all/GCA/001/886/815/GCA_001886815.1_ASM188681v1	nan	assembly from type material	No	Caldithrix abyssi	Caldithrix abyssi DSM 13497	Bacteria	Calditrichota	Calditrichia	Calditrichales	Calditrichaceae	Caldithrix	Caldithrix abyssi
GCA_000266925.1	Acetomicrobium mobile DSM 13181 chromosome, complete genome.	1.0	1	2017	3	5	1	Complete	47901	PRJNA53351	SAMN02261375		representative genome	891968.0	97477.0	Acetomicrobium mobile DSM 13181	strain=DSM 13181		latest	Complete Genome	Major	Full	2012/06/12	ASM26692v1	JGI	GCF_000266925.1	identical	ftp://ftp.ncbi.nlm.nih.gov/genomes/all/GCA/000/266/925/GCA_000266925.1_ASM26692v1	nan	assembly from type material	No	Acetomicrobium mobile	Acetomicrobium mobile DSM 13181	Bacteria	Synergistota	Synergistia	Synergistales	Acetomicrobiaceae	Acetomicrobium	Acetomicrobium flavidum
GCA_003966975.1	Pelolinea submarina MO-CFX1 DNA, complete genome.	1.0	1	3039	3	11	1	Complete	26253	PRJDB6547	SAMD00106496		representative genome	913107.0	913107.0	Pelolinea submarina	strain=MO-CFX1		latest	Complete Genome	Major	Full	2018/08/10	ASM396697v1	Department of Subsurface Geobiological Analysis and Research, Japan Agency for Marine-Earth Science and Technology (JAMSTEC)	GCF_003966975.1	identical	ftp://ftp.ncbi.nlm.nih.gov/genomes/all/GCA/003/966/975/GCA_003966975.1_ASM396697v1	nan	assembly from type material	No	Pelolinea submarina	Pelolinea submarina	Bacteria	Chloroflexota	Anaerolineae	Anaerolineales	Anaerolineaceae	Pelolinea	Pelolinea submarina
GCA_000281175.1	Caldilinea aerophila DSM 14535 = NBRC 104270 DNA, complete genome.	1.0	1	4119	3	4	1	Complete	80784	PRJDB47	SAMD00061033		representative genome	926550.0	133453.0	Caldilinea aerophila DSM 14535 = NBRC 104270	strain=DSM 14535		latest	Complete Genome	Major	Full	2012/03/28	ASM28117v1	National Institute of Technology and Evaluation	GCF_000281175.1	identical	ftp://ftp.ncbi.nlm.nih.gov/genomes/all/GCA/000/281/175/GCA_000281175.1_ASM28117v1	nan	assembly from type material	No	Caldilinea aerophila	Caldilinea aerophila DSM 14535 = NBRC 104270	Bacteria	Chloroflexota	Anaerolineae	Caldilineales	Caldilineaceae	Caldilinea	Caldilinea aerophila
GCA_000199675.1	Anaerolinea thermophila UNI-1 DNA, complete genome.	1.0	1	3177	5	1	2	Complete	54918	PRJNA60099	SAMD00061114		representative genome	926569.0	167964.0	Anaerolinea thermophila UNI-1	strain=UNI-1		latest	Complete Genome	Major	Full	2011/01/24	ASM19967v1	National Institute of Technology and Evaluation	GCF_000199675.1	identical	ftp://ftp.ncbi.nlm.nih.gov/genomes/all/GCA/000/199/675/GCA_000199675.1_ASM19967v1	nan	assembly from type material	No	Anaerolinea thermophila	Anaerolinea thermophila UNI-1	Bacteria	Chloroflexota	Anaerolineae	Anaerolineales	Anaerolineaceae	Anaerolinea	Anaerolinea thermophila
GCA_000299235.1	Leptospirillum ferriphilum ML-04, complete genome.	1.0	1	2471	16	10	1	Complete	42266	PRJNA68175	SAMN02603870		na	1048260.0	178606.0	Leptospirillum ferriphilum ML-04	strain=ML-04		latest	Complete Genome	Major	Full	2012/09/25	ASM29923v1	State Key Lab of Microbial Technology, Shandong University, Jinan, China	GCF_000299235.1	identical	ftp://ftp.ncbi.nlm.nih.gov/genomes/all/GCA/000/299/235/GCA_000299235.1_ASM29923v1	nan		No	Leptospirillum ferriphilum	Leptospirillum ferriphilum ML-04	Bacteria	Nitrospirota_A	Leptospirillia	Leptospirillales	Leptospirillaceae	Leptospirillum_A	Leptospirillum_A rubarum
GCA_000219855.1	Sulfobacillus acidophilus TPY, complete genome.	1.0	1	3754	19	5	6	Complete	175451	PRJNA68423	SAMN02603016		na	1051632.0	53633.0	Sulfobacillus acidophilus TPY	strain=TPY		latest	Complete Genome	Major	Full	2011/07/05	ASM21985v1	Beijing Institute of Genomics	GCF_000219855.1	identical	ftp://ftp.ncbi.nlm.nih.gov/genomes/all/GCA/000/219/855/GCA_000219855.1_ASM21985v1	missing rRNA genes		No	Sulfobacillus acidophilus	Sulfobacillus acidophilus TPY	Bacteria	Firmicutes_E	Sulfobacillia	Sulfobacillales	Sulfobacillaceae	Sulfobacillus_A	Sulfobacillus_A acidophilus
GCA_000317895.1	Bdellovibrio bacteriovorus str. Tiberius, complete genome.	1.0	1	3738	9	12	1	Complete	23143	PRJNA70801	SAMN02604232		na	1069642.0	959.0	Bdellovibrio bacteriovorus str. Tiberius	strain=Tiberius		latest	Complete Genome	Major	Full	2012/11/28	ASM31789v1	University of Nottingham	GCF_000317895.1	identical	ftp://ftp.ncbi.nlm.nih.gov/genomes/all/GCA/000/317/895/GCA_000317895.1_ASM31789v1	nan		No	Bdellovibrio bacteriovorus	Bdellovibrio bacteriovorus str. Tiberius	Bacteria	Bdellovibrionota	Bdellovibrionia	Bdellovibrionales	Bdellovibrionaceae	Bdellovibrio	Bdellovibrio bacteriovorus_F
GCA_007827295.1	Seleniivibrio woodruffii strain S4 Ga0008828_unitig_0_quiver.1,	1.0	1	2703	9	3	0	Complete	0	PRJNA265542	SAMN03159438	VISF00000000.1	representative genome	1078050.0	1078050.0	Seleniivibrio woodruffii	strain=S4		latest	Contig	Major	Full	2019/08/02	ASM782729v1	DOE Joint Genome Institute	GCF_007827295.1	identical	ftp://ftp.ncbi.nlm.nih.gov/genomes/all/GCA/007/827/295/GCA_007827295.1_ASM782729v1	nan	assembly from type material	No	Seleniivibrio woodruffii	Seleniivibrio woodruffii	Bacteria	Deferribacterota	Deferribacteres	Deferribacterales	Denitrovibrionaceae	Seleniivibrio	Seleniivibrio woodruffii
GCA_000816145.1	Pseudothermotoga hypogea DSM 11164 = NBRC 106472 chromosome,	1.0	1	2097	5	3	1	Complete	9702	PRJNA234771	SAMN02584724		na	1123384.0	57487.0	Pseudothermotoga hypogea DSM 11164 = NBRC 106472	strain=DSM 11164 = NBRC 106472		latest	Complete Genome	Major	Full	2015/01/07	ASM81614v1	University of Waterloo	GCF_000816145.1	identical	ftp://ftp.ncbi.nlm.nih.gov/genomes/all/GCA/000/816/145/GCA_000816145.1_ASM81614v1	nan	assembly from type material	No	Pseudothermotoga hypogea	Pseudothermotoga hypogea DSM 11164 = NBRC 106472	Bacteria	Thermotogota	Thermotogae	Thermotogales	DSM-5069	Pseudothermotoga_A	Pseudothermotoga_A hypogea
GCA_000284315.1	Leptospirillum ferrooxidans C2-3 DNA, complete genome.	1.0	1	2421	11	5	5	Complete	88577	PRJDB73	SAMD00061058		representative genome	1162668.0	180.0	Leptospirillum ferrooxidans C2-3	strain=C2-3		latest	Complete Genome	Major	Full	2012/03/30	ASM28431v1	Ibaraki University, college of agriculture	GCF_000284315.1	identical	ftp://ftp.ncbi.nlm.nih.gov/genomes/all/GCA/000/284/315/GCA_000284315.1_ASM28431v1	nan		No	Leptospirillum ferrooxidans	Leptospirillum ferrooxidans C2-3	Bacteria	Nitrospirota_A	Leptospirillia	Leptospirillales	Leptospirillaceae	Leptospirillum	Leptospirillum ferrooxidans
GCA_000348725.1	Bdellovibrio exovorus JSS, complete genome.	1.0	1	2618	3	7	1	Complete	33526	PRJNA163339	SAMN02604325		representative genome	1184267.0	453816.0	Bdellovibrio exovorus JSS	strain=JSS		latest	Complete Genome	Major	Full	2013/03/25	ASM34872v1	Weizmann Institute of Science	GCF_000348725.1	identical	ftp://ftp.ncbi.nlm.nih.gov/genomes/all/GCA/000/348/725/GCA_000348725.1_ASM34872v1	nan	assembly from type material	No	Pseudobdellovibrio exovorus	Pseudobdellovibrio exovorus JSS	Bacteria	Bdellovibrionota	Bdellovibrionia	Bdellovibrionales	Bdellovibrionaceae	Pseudobdellovibrio	Pseudobdellovibrio exovorus
GCA_001701045.1	Cloacibacillus porcorum strain CL-84 chromosome, complete genome.	1.0	1	3133	16	1	3	Complete	85247	PRJNA335387	SAMN05441363		representative genome	1197717.0	1197717.0	Cloacibacillus porcorum	strain=CL-84		latest	Complete Genome	Major	Full	2016/08/09	ASM170104v1	USDA	GCF_001701045.1	identical	ftp://ftp.ncbi.nlm.nih.gov/genomes/all/GCA/001/701/045/GCA_001701045.1_ASM170104v1	nan	assembly from type material	No	Cloacibacillus porcorum	Cloacibacillus porcorum	Bacteria	Synergistota	Synergistia	Synergistales	Synergistaceae	Cloacibacillus	Cloacibacillus porcorum
GCA_001007995.1	'Deinococcus soli' Cha et al. 2014 strain N5, complete genome.	1.0	1	2944	4	11	1	Complete	16657	PRJNA272874	SAMN03287573		representative genome	1309411.0	1309411.0	Deinococcus soli Cha et al. 2016	strain=N5		latest	Complete Genome	Major	Full	2015/05/15	ASM100799v1	Seoul Women's University	GCF_001007995.1	identical	ftp://ftp.ncbi.nlm.nih.gov/genomes/all/GCA/001/007/995/GCA_001007995.1_ASM100799v1	nan	assembly from type material	No	Deinococcus soli (ex Cha et al. 2016)	Deinococcus soli (ex Cha et al. 2016)	Bacteria	Deinococcota	Deinococci	Deinococcales	Deinococcaceae	Deinococcus	Deinococcus soli
GCA_000341895.1	Desulfovibrio piezophilus C1TLV30 complete genome.	1.0	1	3354	17	4	3	Complete	128142	PRJEB26	SAMEA2272703		representative genome	1322246.0	879567.0	Pseudodesulfovibrio piezophilus C1TLV30	strain=type strain: C1TLV30		latest	Chromosome	Major	Full	2013/02/19	ASM34189v1	Genoscope CEA	GCF_000341895.1	identical	ftp://ftp.ncbi.nlm.nih.gov/genomes/all/GCA/000/341/895/GCA_000341895.1_ASM34189v1	nan	assembly from type material	No	Pseudodesulfovibrio piezophilus	Pseudodesulfovibrio piezophilus C1TLV30	Bacteria	Desulfobacterota_I	Desulfovibrionia	Desulfovibrionales	Desulfovibrionaceae	Pseudodesulfovibrio	Pseudodesulfovibrio piezophilus
GCA_003991135.1	Anoxybacter fermentans strain DY22613 chromosome, complete genome.	1.0	1	3097	8	12	1	Complete	69029	PRJNA326585	SAMN05285382		representative genome	1323375.0	1323375.0	Anoxybacter fermentans	strain=DY22613		latest	Complete Genome	Major	Full	2019/01/03	ASM399113v1	the third institute of oceanography	GCF_003991135.1	identical	ftp://ftp.ncbi.nlm.nih.gov/genomes/all/GCA/003/991/135/GCA_003991135.1_ASM399113v1	nan	assembly from type material	No	Anoxybacter fermentans	Anoxybacter fermentans	Bacteria	Firmicutes_F	Halanaerobiia	DY22613	DY22613	Anoxybacter	Anoxybacter fermentans
GCA_900169565.1	Nitrospira japonica isolate Genome sequencing of Nitrospira	1.0	1	4162	8	9	6	Complete	226878	PRJEB18128	SAMEA17758918		representative genome	1325564.0	1325564.0	Nitrospira japonica		Genome sequencing of Nitrospira japonica strain NJ11	latest	Complete Genome	Major	Full	2017/03/22	NSJP_Ch1	WASEDA university	GCF_900169565.1	identical	ftp://ftp.ncbi.nlm.nih.gov/genomes/all/GCA/900/169/565/GCA_900169565.1_NSJP_Ch1	nan		No	Nitrospira japonica	Nitrospira japonica	Bacteria	Nitrospirota	Nitrospiria	Nitrospirales	Nitrospiraceae	Nitrospira_C	Nitrospira_C japonica
GCA_000695095.2	Gemmatimonas phototrophica strain AP64, complete genome.	1.0	1	3388	4	5	1	Complete	34953	PRJNA213561	SAMN02296694		representative genome	1379270.0	1379270.0	Gemmatimonas phototrophica	strain=AP64		latest	Complete Genome	Major	Full	2016/04/06	ASM69509v2	Institute of Microbiology ASCR	GCF_000695095.2	identical	ftp://ftp.ncbi.nlm.nih.gov/genomes/all/GCA/000/695/095/GCA_000695095.2_ASM69509v2	nan	assembly from type material	No	Gemmatimonas phototrophica	Gemmatimonas phototrophica	Bacteria	Gemmatimonadota	Gemmatimonadetes	Gemmatimonadales	Gemmatimonadaceae	Gemmatimonas	Gemmatimonas phototrophica
GCA_000695975.1	Leptospirillum ferriphilum YSK, complete genome.	1.0	1	2260	14	6	2	Complete	43752	PRJNA232614	SAMN03081536		na	1441628.0	178606.0	Leptospirillum ferriphilum YSK	strain=YSK		latest	Complete Genome	Major	Full	2014/05/27	ASM69597v1	Central South University	GCF_000695975.1	identical	ftp://ftp.ncbi.nlm.nih.gov/genomes/all/GCA/000/695/975/GCA_000695975.1_ASM69597v1	nan		No	Leptospirillum ferriphilum	Leptospirillum ferriphilum YSK	Bacteria	Nitrospirota_A	Leptospirillia	Leptospirillales	Leptospirillaceae	Leptospirillum_A	Leptospirillum_A rubarum
GCA_014672715.2	Dehalogenimonas sp. GP chromosome, complete genome.	1.0	1	2027	16	4	8	Complete	180559	PRJNA258024	SAMN15398252		na	1536648.0	1536648.0	Dehalogenimonas sp. GP	strain=GP		latest	Complete Genome	Major	Full	2020/09/30	ASM1467271v2	University of Tennessee, Knoxville	GCF_014672715.2	identical	ftp://ftp.ncbi.nlm.nih.gov/genomes/all/GCA/014/672/715/GCA_014672715.2_ASM1467271v2	nan		No	Candidatus Dehalogenimonas etheniformans	Candidatus Dehalogenimonas etheniformans	Bacteria	Chloroflexota	Dehalococcoidia	Dehalococcoidales	Dehalococcoidaceae	Dehalogenimonas	Dehalogenimonas sp002878295
GCA_001544015.1	Limnochorda pilosa DNA, complete genome, strain: HC45.	1.0	1	3601	13	6	2	Complete	49839	PRJDB4026	SAMD00034894		representative genome	1555112.0	1555112.0	Limnochorda pilosa	strain=HC45		latest	Complete Genome	Major	Full	2015/08/21	ASM154401v1	The Institute of Low Temperature Science	GCF_001544015.1	identical	ftp://ftp.ncbi.nlm.nih.gov/genomes/all/GCA/001/544/015/GCA_001544015.1_ASM154401v1	nan	assembly from type material	No	Limnochorda pilosa	Limnochorda pilosa	Bacteria	Firmicutes_G	Limnochordia	Limnochordales	Limnochordaceae	Limnochorda	Limnochorda pilosa
GCA_011006175.1	Hydrogenobacter sp. T-8 chromosome.	1.0	1	2030	12	2	1	Complete	27981	PRJNA605417	SAMN14057017		na	1632019.0	1632019.0	Hydrogenobacter sp. T-8	strain=T-8		latest	Chromosome	Major	Full	2020/02/24	ASM1100617v1	University of Nevada, Las Vegas	GCF_011006175.1	identical	ftp://ftp.ncbi.nlm.nih.gov/genomes/all/GCA/011/006/175/GCA_011006175.1_ASM1100617v1	nan		No	Hydrogenobacter sp. T-8	Hydrogenobacter sp. T-8	Bacteria	Aquificota	Aquificae	Aquificales	Aquificaceae	UBA11096	UBA11096 sp011006175
GCA_001186405.1	Leptospirillum sp. Group II 'CF-1', complete genome.	1.0	1	2460	12	5	7	Complete	226896	PRJNA284934	SAMN03734635		na	1660083.0	1660083.0	Leptospirillum sp. Group II 'CF-1'	strain=CF-1		latest	Complete Genome	Major	Full	2015/07/24	ASM118640v1	Universidad de Santiago de Chile	GCF_001186405.1	identical	ftp://ftp.ncbi.nlm.nih.gov/genomes/all/GCA/001/186/405/GCA_001186405.1_ASM118640v1	nan		No	Leptospirillum sp. Group II 'CF-1'	Leptospirillum sp. Group II 'CF-1'	Bacteria	Nitrospirota_A	Leptospirillia	Leptospirillales	Leptospirillaceae	Leptospirillum_A	Leptospirillum_A rubarum
GCA_001458695.1	Nitrospira sp. ENR4 genome assembly NiCh1, chromosome : 1.	1.0	1	3381	7	10	2	Complete	92637	PRJEB10818	SAMEA3560316		na	1715989.0	1715989.0	Candidatus Nitrospira inopinata		ENR4	latest	Complete Genome	Major	Full	2015/11/16	NiCh1	Department of Microbiology and Ecosystem Science, University of Vienna	GCF_001458695.1	identical	ftp://ftp.ncbi.nlm.nih.gov/genomes/all/GCA/001/458/695/GCA_001458695.1_NiCh1	nan		No	Candidatus Nitrospira inopinata	Candidatus Nitrospira inopinata	Bacteria	Nitrospirota	Nitrospiria	Nitrospirales	Nitrospiraceae	Nitrospira_F	Nitrospira_F inopinata
GCA_001563225.1	Pseudodesulfovibrio indicus strain J2 chromosome, complete genome.	1.0	1	3551	14	0	2	Complete	81122	PRJNA309781	SAMN04440740		na	1716143.0	1716143.0	Pseudodesulfovibrio indicus	strain=J2		latest	Complete Genome	Major	Full	2016/02/18	ASM156322v1	Universite de Bretagne Occidentale	GCF_001563225.1	identical	ftp://ftp.ncbi.nlm.nih.gov/genomes/all/GCA/001/563/225/GCA_001563225.1_ASM156322v1	nan	assembly from type material	No	Pseudodesulfovibrio indicus	Pseudodesulfovibrio indicus	Bacteria	Desulfobacterota_I	Desulfovibrionia	Desulfovibrionales	Desulfovibrionaceae	Pseudodesulfovibrio	Pseudodesulfovibrio indicus
GCA_001507665.1	Deinococcus actinosclerus strain BM2, complete genome.	1.0	1	3077	7	2	0	Complete	0	PRJNA305458	SAMN04325383		representative genome	1768108.0	1768108.0	Deinococcus actinosclerus	strain=BM2		latest	Complete Genome	Major	Full	2016/01/08	ASM150766v1	Seoul Women's University	GCF_001507665.1	identical	ftp://ftp.ncbi.nlm.nih.gov/genomes/all/GCA/001/507/665/GCA_001507665.1_ASM150766v1	nan	assembly from type material	No	Deinococcus actinosclerus	Deinococcus actinosclerus	Bacteria	Deinococcota	Deinococci	Deinococcales	Deinococcaceae	Deinococcus	Deinococcus actinosclerus
GCA_001953175.1	Dehalogenimonas formicexedens strain NSZ-14 chromosome, complete	1.0	1	2149	15	0	4	Complete	84818	PRJNA319195	SAMN04881314		representative genome	1839801.0	1839801.0	Dehalogenimonas formicexedens	strain=NSZ-14		latest	Complete Genome	Major	Full	2017/01/17	ASM195317v1	Louisiana State University	GCF_001953175.1	identical	ftp://ftp.ncbi.nlm.nih.gov/genomes/all/GCA/001/953/175/GCA_001953175.1_ASM195317v1	nan	assembly from type material	No	Dehalogenimonas formicexedens	Dehalogenimonas formicexedens	Bacteria	Chloroflexota	Dehalococcoidia	Dehalococcoidales	Dehalococcoidaceae	Dehalogenimonas	Dehalogenimonas formicexedens
GCA_002300465.1	Fibrobacter sp. NR9 Ga0136299_11, whole genome shotgun sequence.	1.0	1	2982	23	1	3	Complete	95820	PRJNA340534	SAMN05720488	NSGY00000000.1	na	1896200.0	1896200.0	Fibrobacter sp. NR9	strain=NR9		latest	Contig	Major	Full	2017/09/13	ASM230046v1	DOE Joint Genome Institute	GCF_002300465.1	identical	ftp://ftp.ncbi.nlm.nih.gov/genomes/all/GCA/002/300/465/GCA_002300465.1_ASM230046v1	nan		No	Fibrobacter sp. NR9	Fibrobacter sp. NR9	Bacteria	Fibrobacterota	Fibrobacteria	Fibrobacterales	Fibrobacteraceae	Hallerella	Hallerella intestinalis
GCA_002300465.1	Fibrobacter sp. NR9 Ga0136299_11, whole genome shotgun sequence.	1.0	1	2982	23	1	3	Complete	95820	PRJNA340534	SAMN05720488	NSGY00000000.1	na	1896200.0	1896200.0	Fibrobacter sp. NR9	strain=NR9		latest	Contig	Major	Full	2017/09/13	ASM230046v1	DOE Joint Genome Institute	GCF_002300465.1	identical	ftp://ftp.ncbi.nlm.nih.gov/genomes/all/GCA/002/300/465/GCA_002300465.1_ASM230046v1	nan		No	Fibrobacter sp. NR9	Fibrobacter sp. NR9	Bacteria	Fibrobacterota	Fibrobacteria	Fibrobacterales	Fibrobacteraceae	Hallerella	Hallerella intestinalis
GCA_002300465.1	Fibrobacter sp. NR9 Ga0136299_11, whole genome shotgun sequence.	1.0	1	2982	23	1	3	Complete	95820	PRJNA340534	SAMN05720488	NSGY00000000.1	na	1896200.0	1896200.0	Fibrobacter sp. NR9	strain=NR9		latest	Contig	Major	Full	2017/09/13	ASM230046v1	DOE Joint Genome Institute	GCF_002300465.1	identical	ftp://ftp.ncbi.nlm.nih.gov/genomes/all/GCA/002/300/465/GCA_002300465.1_ASM230046v1	nan		No	Fibrobacter sp. NR9	Fibrobacter sp. NR9	Bacteria	Fibrobacterota	Fibrobacteria	Fibrobacterales	Fibrobacteraceae	Hallerella	Hallerella intestinalis
GCA_002300465.1	Fibrobacter sp. NR9 Ga0136299_11, whole genome shotgun sequence.	1.0	1	2982	23	1	3	Complete	95820	PRJNA340534	SAMN05720488	NSGY00000000.1	na	1896200.0	1896200.0	Fibrobacter sp. NR9	strain=NR9		latest	Contig	Major	Full	2017/09/13	ASM230046v1	DOE Joint Genome Institute	GCF_002300465.1	identical	ftp://ftp.ncbi.nlm.nih.gov/genomes/all/GCA/002/300/465/GCA_002300465.1_ASM230046v1	nan		No	Fibrobacter sp. NR9	Fibrobacter sp. NR9	Bacteria	Fibrobacterota	Fibrobacteria	Fibrobacterales	Fibrobacteraceae	Hallerella	Hallerella intestinalis
GCA_002300465.1	Fibrobacter sp. NR9 Ga0136299_11, whole genome shotgun sequence.	1.0	1	2982	23	1	3	Complete	95820	PRJNA340534	SAMN05720488	NSGY00000000.1	na	1896200.0	1896200.0	Fibrobacter sp. NR9	strain=NR9		latest	Contig	Major	Full	2017/09/13	ASM230046v1	DOE Joint Genome Institute	GCF_002300465.1	identical	ftp://ftp.ncbi.nlm.nih.gov/genomes/all/GCA/002/300/465/GCA_002300465.1_ASM230046v1	nan		No	Fibrobacter sp. NR9	Fibrobacter sp. NR9	Bacteria	Fibrobacterota	Fibrobacteria	Fibrobacterales	Fibrobacteraceae	Hallerella	Hallerella intestinalis
GCA_004011035.1	Bdellovibrio sp. qaytius chromosome, complete genome.	1.0	1	3166	5	5	1	Complete	41952	PRJNA352718	SAMN05991261		na	1916293.0	1916293.0	Bdellovibrio sp. qaytius		qaytius	latest	Complete Genome	Major	Full	2019/01/10	ASM401103v1	University of British Columbia	na	na	ftp://ftp.ncbi.nlm.nih.gov/genomes/all/GCA/004/011/035/GCA_004011035.1_ASM401103v1	derived from environmental source		No	Bdellovibrio sp. qaytius	Bdellovibrio sp. qaytius	Bacteria	Bdellovibrionota	Bdellovibrionia	Bdellovibrionales	Bdellovibrionaceae	Pseudobdellovibrio	Pseudobdellovibrio qaytius
GCA_011405515.1	Nitrospira sp. KM1 DNA, complete genome.	1.0	1	4318	6	8	3	Complete	152474	PRJDB5488	SAMD00073592		na	1936990.0	1936990.0	Nitrospira sp. KM1	strain=KM1		latest	Complete Genome	Major	Full	2020/02/13	ASM1140551v1	Bacteriology, Department of Basic Medicine, Faculty of Medical Science, Kyushu University	GCF_011405515.1	identical	ftp://ftp.ncbi.nlm.nih.gov/genomes/all/GCA/011/405/515/GCA_011405515.1_ASM1140551v1	nan		No	Nitrospira sp. KM1	Nitrospira sp. KM1	Bacteria	Nitrospirota	Nitrospiria	Nitrospirales	Nitrospiraceae	Nitrospira_C	Nitrospira_C sp011405515
GCA_900184705.1	Anaerolineaceae bacterium CAMBI-1 genome assembly, chromosome: I.	1.0	1	2287	2	2	0	Complete	0	PRJEB19949	SAMEA104092011		representative genome	1986204.0	1986204.0	Brevefilum fermentans		CAMBI-1	latest	Complete Genome	Major	Full	2017/06/06	CAMBI-1	AALBORG UNIVERSITY	GCF_900184705.1	identical	ftp://ftp.ncbi.nlm.nih.gov/genomes/all/GCA/900/184/705/GCA_900184705.1_CAMBI-1	nan		No	Brevefilum fermentans	Brevefilum fermentans	Bacteria	Chloroflexota	Anaerolineae	Anaerolineales	Anaerolineaceae	Brevefilum	Brevefilum fermentans
GCA_002162075.1	Armatimonadetes bacterium Uphvl-Ar1 genome.	1.0	1	3080	1	7	2	Complete	53403	PRJNA385759	SAMN06947392		na	2004467.0	2004467.0	Armatimonadetes bacterium Uphvl-Ar1	strain=Uphvl-Ar1		latest	Chromosome	Major	Full	2017/05/31	ASM216207v1	Universitaet Potsdam	GCF_002162075.1	identical	ftp://ftp.ncbi.nlm.nih.gov/genomes/all/GCA/002/162/075/GCA_002162075.1_ASM216207v1	genus undefined		No	Armatimonadetes bacterium Uphvl-Ar1	Armatimonadetes bacterium Uphvl-Ar1	Bacteria	Armatimonadota	Fimbriimonadia	Fimbriimonadales	Fimbriimonadaceae	UphvI-Ar2	UphvI-Ar2 sp002162075
GCA_002162095.1	Armatimonadetes bacterium Uphvl-Ar2 genome.	1.0	1	2590	2	3	0	Complete	0	PRJNA385759	SAMN06947393		na	2004468.0	2004468.0	Armatimonadetes bacterium Uphvl-Ar2	strain=Uphvl-Ar2		latest	Chromosome	Major	Full	2017/05/31	ASM216209v1	Universitaet Potsdam	GCF_002162095.1	identical	ftp://ftp.ncbi.nlm.nih.gov/genomes/all/GCA/002/162/095/GCA_002162095.1_ASM216209v1	genus undefined		No	Armatimonadetes bacterium Uphvl-Ar2	Armatimonadetes bacterium Uphvl-Ar2	Bacteria	Armatimonadota	Fimbriimonadia	Fimbriimonadales	Fimbriimonadaceae	UphvI-Ar2	UphvI-Ar2 sp002162095
GCA_016699445.1	Deltaproteobacteria bacterium isolate	1.0	1	2977	27	0	2	Complete	32243	PRJNA629478	SAMN16425920		na	2026735.0	2026735.0	Deltaproteobacteria bacterium		EsbW_18-Q3-R4-48_MAXAC.279_cln	latest	Complete Genome	Major	Full	2021/01/19	ASM1669944v1	Aalborg University	na	na	ftp://ftp.ncbi.nlm.nih.gov/genomes/all/GCA/016/699/445/GCA_016699445.1_ASM1669944v1	derived from metagenome; genus undefined		Yes	Deltaproteobacteria bacterium	Deltaproteobacteria bacterium	Bacteria	UBA10199	UBA10199	2-02-FULL-50-16	GCA-016699445	GCA-016699445	GCA-016699445 sp016699445
GCA_013693795.1	Anaerolineae bacterium isolate SSC4 chromosome.	1.0	1	4702	30	10	9	Complete	276253	PRJNA606905	SAMN15246511		na	2052143.0	2052143.0	Anaerolineae bacterium		SSC4	latest	Chromosome	Major	Full	2020/07/25	ASM1369379v1	Singapore Centre for Environmental Life Sciences Engineering	na	na	ftp://ftp.ncbi.nlm.nih.gov/genomes/all/GCA/013/693/795/GCA_013693795.1_ASM1369379v1	derived from metagenome; genus undefined		Yes	Anaerolineae bacterium	Anaerolineae bacterium	Bacteria	Chloroflexota	Anaerolineae	SSC4	SSC4	SSC4	SSC4 sp013693795
GCA_016699655.1	Fibrobacteres bacterium isolate Fred_18-Q3-R57-64_MAXAC.109_cln	1.0	1	4758	29	4	1	Complete	31511	PRJNA629478	SAMN16425993		na	2052160.0	2052160.0	Fibrobacteres bacterium		Fred_18-Q3-R57-64_MAXAC.109_cln	latest	Complete Genome	Major	Full	2021/01/19	ASM1669965v1	Aalborg University	na	na	ftp://ftp.ncbi.nlm.nih.gov/genomes/all/GCA/016/699/655/GCA_016699655.1_ASM1669965v1	derived from metagenome; genus undefined		Yes	Fibrobacteres bacterium	Fibrobacteres bacterium	Bacteria	Fibrobacterota	Fibrobacteria	UBA5070	UBA5070	UBA5070	UBA5070 sp016699655
GCA_013414685.1	Parachlamydiaceae bacterium isolate SSA5 chromosome.	1.0	1	3136	11	14	3	Complete	66936	PRJNA509764	SAMN15241143		na	2052176.0	2052176.0	Parachlamydiaceae bacterium		SSA5	latest	Chromosome	Major	Full	2020/07/14	ASM1341468v1	Singapore Centre for Environmental Life Sciences Engineering	na	na	ftp://ftp.ncbi.nlm.nih.gov/genomes/all/GCA/013/414/685/GCA_013414685.1_ASM1341468v1	derived from metagenome; genus undefined		Yes	Parachlamydiaceae bacterium	Parachlamydiaceae bacterium	Bacteria	Chlamydiota	Chlamydiia	Chlamydiales	Parachlamydiaceae	SSA5	SSA5 sp013414685
GCA_900498245.1	candidate division Zixibacteria bacterium isolate IK1 genome	1.0	1	3041	8	6	1	Complete	24037	PRJEB27924	SAMEA4803643	UNRQ00000000.1	na	2053527.0	2053527.0	candidate division Zixibacteria bacterium		IK1	latest	Chromosome	Major	Full	2019/11/18	TRIP_c_PRJEB27924	Genoscope CEA	GCF_900498245.1	identical	ftp://ftp.ncbi.nlm.nih.gov/genomes/all/GCA/900/498/245/GCA_900498245.1_TRIP_c_PRJEB27924	genus undefined		No	candidate division Zixibacteria bacterium	candidate division Zixibacteria bacterium	Bacteria	Zixibacteria	MSB-5A5	GN15	PGXB01	UNRQ01	UNRQ01 sp900498245
GCA_014701195.1	Oceanotoga sp. sy52 DNA, complete genome.	1.0	1	2298	2	5	0	Complete	0	PRJDB6802	SAMD00113976		representative genome	2108365.0	2108365.0	Tepiditoga spiralis	strain=sy52		latest	Complete Genome	Major	Full	2020/09/02	ASM1470119v1	National Institute of Technology and Evaluation (NITE)	GCF_014701195.1	identical	ftp://ftp.ncbi.nlm.nih.gov/genomes/all/GCA/014/701/195/GCA_014701195.1_ASM1470119v1	nan	assembly from type material	No	Tepiditoga spiralis	Tepiditoga spiralis	Bacteria	Thermotogota	Thermotogae	Petrotogales	Petrotogaceae	Tepiditoga	Tepiditoga spiralis
GCA_003612895.1	Halobacteriovorax sp. BALOs_7 chromosome, complete genome.	1.0	1	3003	11	1	1	Complete	20977	PRJNA437227	SAMN08644148		na	2109558.0	2109558.0	Halobacteriovorax sp. BALOs_7	strain=BALOs_7		latest	Complete Genome	Major	Full	2018/10/04	ASM361289v1	Huaqiao University	GCF_003612895.1	identical	ftp://ftp.ncbi.nlm.nih.gov/genomes/all/GCA/003/612/895/GCA_003612895.1_ASM361289v1	nan		No	Halobacteriovorax sp. BALOs_7	Halobacteriovorax sp. BALOs_7	Bacteria	Bdellovibrionota	Bacteriovoracia	Bacteriovoracales	Bacteriovoracaceae	DB6-IX	DB6-IX sp003612895
GCA_006874625.1	Bdellovibrio sp. NC01 chromosome, complete genome.	1.0	1	3796	12	12	1	Complete	27403	PRJNA475789	SAMN09403007		na	2220073.0	2220073.0	Bdellovibrio sp. NC01	strain=NC01		latest	Complete Genome	Major	Full	2019/07/11	ASM687462v1	Providence College	GCF_006874625.1	identical	ftp://ftp.ncbi.nlm.nih.gov/genomes/all/GCA/006/874/625/GCA_006874625.1_ASM687462v1	nan		No	Bdellovibrio sp. NC01	Bdellovibrio sp. NC01	Bacteria	Bdellovibrionota	Bdellovibrionia	Bdellovibrionales	Bdellovibrionaceae	Bdellovibrio	Bdellovibrio sp006874625
GCA_006874645.1	Bdellovibrio sp. ZAP7 chromosome, complete genome.	1.0	1	3963	7	9	3	Complete	56738	PRJNA475989	SAMN09407961		na	2231053.0	2231053.0	Bdellovibrio sp. ZAP7	strain=ZAP7		latest	Complete Genome	Major	Full	2019/07/11	ASM687464v1	Providence College	GCF_006874645.1	identical	ftp://ftp.ncbi.nlm.nih.gov/genomes/all/GCA/006/874/645/GCA_006874645.1_ASM687464v1	nan		No	Bdellovibrio sp. ZAP7	Bdellovibrio sp. ZAP7	Bacteria	Bdellovibrionota	Bdellovibrionia	Bdellovibrionales	Bdellovibrionaceae	Bdellovibrio	Bdellovibrio sp006874645
GCA_003290465.1	Candidatus Sumerlaea chitinovorans isolate BY40 chromosome,	1.0	1	2851	5	5	1	Complete	15530	PRJNA454794	SAMN09041722		na	2250252.0	2250252.0	Candidatus Sumerlaea chitinivorans		BY40	latest	Chromosome	Major	Partial	2018/07/09	ASM329046v1	Institute of Bioengineering, Research Center of Biotechnology of RAS	na	na	ftp://ftp.ncbi.nlm.nih.gov/genomes/all/GCA/003/290/465/GCA_003290465.1_ASM329046v1	derived from environmental source; partial		No	Candidatus Sumerlaea chitinivorans	Candidatus Sumerlaea chitinivorans	Bacteria	Sumerlaeota	Sumerlaeia	Sumerlaeales	Sumerlaeaceae	Sumerlaea	Sumerlaea chitinivorans
GCA_003403315.2	Thermaerobacter sp. PB12/4term chromosome, complete genome.	1.0	1	2327	19	5	2	Complete	89491	PRJNA485013	SAMN09780794		na	2293838.0	2293838.0	Thermaerobacter sp. PB12/4term	strain=PB12/4term		latest	Complete Genome	Major	Full	2020/02/12	ASM340331v2	ICBFM SB RAS	GCF_003403315.2	identical	ftp://ftp.ncbi.nlm.nih.gov/genomes/all/GCA/003/403/315/GCA_003403315.2_ASM340331v2	nan		No	Thermaerobacter sp. PB12/4term	Thermaerobacter sp. PB12/4term	Bacteria	Firmicutes_E	Thermaerobacteria	Thermaerobacterales	Thermaerobacteraceae	Thermaerobacter	Thermaerobacter subterraneus
GCA_004208415.1	Ktedonosporobacter rubrisoli strain SCAWS-G2 chromosome, complete	1.0	1	9558	63	12	6	Complete	199280	PRJNA513426	SAMN10712707		representative genome	2509675.0	2509675.0	Ktedonosporobacter rubrisoli	strain=SCAWS-G2		latest	Complete Genome	Major	Full	2019/02/16	ASM420841v1	Institution of Microbiology	GCF_004208415.1	identical	ftp://ftp.ncbi.nlm.nih.gov/genomes/all/GCA/004/208/415/GCA_004208415.1_ASM420841v1	nan	assembly from type material	No	Ktedonosporobacter rubrisoli	Ktedonosporobacter rubrisoli	Bacteria	Chloroflexota	Ktedonobacteria	Ktedonobacterales	Ktedonobacteraceae	Ktedonosporobacter	Ktedonosporobacter rubrisoli
GCA_017347465.1	Candidatus Nitrosymbiomonas proteolyticus DNA, complete genome.	1.0	1	2561	13	1	2	Complete	43025	PRJDB4337	SAMD00185605		na	2608984.0	2608984.0	Candidatus Nitrosymbiomonas proteolyticus		317325-2	latest	Complete Genome	Major	Full	2021/03/02	ASM1734746v1	Tokyo Institute of Technology	na	na	ftp://ftp.ncbi.nlm.nih.gov/genomes/all/GCA/017/347/465/GCA_017347465.1_ASM1734746v1	derived from environmental source		No	Candidatus Nitrosymbiomonas proteolyticus	Candidatus Nitrosymbiomonas proteolyticus	Bacteria	Armatimonadota	Fimbriimonadia	Fimbriimonadales	Fimbriimonadaceae	H1-ARM1	H1-ARM1 sp001567425
GCA_014058405.1	Candidatus Nitrospira kreftii isolate comreactor17 chromosome,	1.0	1	4189	11	9	2	Complete	55542	PRJNA575653	SAMN13404496		na	2652173.0	2652173.0	Candidatus Nitrospira kreftii		comreactor17	latest	Complete Genome	Major	Full	2020/08/04	ASM1405840v1	IWWR, RADBOUD UNIVERSITY	na	na	ftp://ftp.ncbi.nlm.nih.gov/genomes/all/GCA/014/058/405/GCA_014058405.1_ASM1405840v1	derived from metagenome		Yes	Candidatus Nitrospira kreftii	Candidatus Nitrospira kreftii	Bacteria	Nitrospirota	Nitrospiria	Nitrospirales	Nitrospiraceae	Nitrospira_F	Nitrospira_F kreftii
GCA_902702915.1	Desulfovibrio sp. 86 genome assembly, chromosome: DESU86.	1.0	1	3342	23	11	5	Complete	104592	PRJEB35237	SAMEA6234637		na	2666132.0	2666132.0	Desulfovibrio sp. 86	strain=86		latest	Complete Genome	Major	Full	2020/06/28	DESU86_PRJEB35237_v1	Genoscope CEA	GCF_902702915.1	identical	ftp://ftp.ncbi.nlm.nih.gov/genomes/all/GCA/902/702/915/GCA_902702915.1_DESU86_PRJEB35237_v1	nan		No	Desulfovibrio sp. 86	Desulfovibrio sp. 86	Bacteria	Desulfobacterota_I	Desulfovibrionia	Desulfovibrionales	Desulfovibrionaceae	Desulfovibrio	Desulfovibrio sp900095395
GCA_015698285.1	Candidatus Nitronauta litoralis isolate EB chromosome, complete	1.0	1	3535	26	4	2	Complete	50902	PRJNA602816	SAMN13976151		na	2705533.0	2705533.0	Candidatus Nitronauta litoralis		EB	latest	Complete Genome	Major	Full	2020/11/30	ASM1569828v1	Division of Microbial Ecology	na	na	ftp://ftp.ncbi.nlm.nih.gov/genomes/all/GCA/015/698/285/GCA_015698285.1_ASM1569828v1	derived from metagenome; untrustworthy as type		Yes	Candidatus Nitronauta litoralis	Candidatus Nitronauta litoralis	Bacteria	Nitrospinota	Nitrospinia	Nitrospinales	Nitrospinaceae	Nitronauta	Nitronauta litoralis
GCA_015698305.1	Candidatus Nitrohelix vancouverensis isolate VA-1 chromosome.	1.0	1	3022	21	2	0	Complete	0	PRJNA602816	SAMN13976148		na	2705534.0	2705534.0	Candidatus Nitrohelix vancouverensis		VA-1	latest	Chromosome	Major	Full	2020/11/30	ASM1569830v1	Division of Microbial Ecology	na	na	ftp://ftp.ncbi.nlm.nih.gov/genomes/all/GCA/015/698/305/GCA_015698305.1_ASM1569830v1	derived from metagenome; untrustworthy as type		Yes	Candidatus Nitrohelix vancouverensis	Candidatus Nitrohelix vancouverensis	Bacteria	Nitrospinota	Nitrospinia	Nitrospinales	Nitrospinaceae	Nitrohelix	Nitrohelix vancouverensis
GCA_902809825.1	Firmicutes bacterium R50 isolate R501 genome assembly, chromosome:	1.0	1	2771	3	10	1	Complete	37784	PRJEB36447	SAMEA6562482		na	2707344.0	2707344.0	Firmicutes bacterium R50		R501	latest	Complete Genome	Major	Full	2020/03/31	R50	RADBOUD UNIVERSITY	na	na	ftp://ftp.ncbi.nlm.nih.gov/genomes/all/GCA/902/809/825/GCA_902809825.1_R50	genus undefined		No	Firmicutes bacterium R50	Firmicutes bacterium R50	Bacteria	Firmicutes_E	Sulfobacillia	Sulfobacillales	R501	R501	R501 sp902809825
GCA_015500095.1	Anaerolinea sp. 'rifampicinis' chromosome, complete genome.	1.0	1	4830	44	1	5	Complete	214958	PRJNA607126	SAMN14122386		na	2710758.0	2710758.0	Anaerolinea sp. 'rifampicinis'	strain=rifampicinis		latest	Complete Genome	Major	Full	2020/11/16	ASM1550009v1	CHINESE ACADEMY OF SCIENCES	GCF_015500095.1	identical	ftp://ftp.ncbi.nlm.nih.gov/genomes/all/GCA/015/500/095/GCA_015500095.1_ASM1550009v1	nan		No	Phototrophicus methaneseepsis	Phototrophicus methaneseepsis	Bacteria	Chloroflexota	Anaerolineae	Aggregatilineales	A4b	GCA-2699585	GCA-2699585 sp015500095
GCA_014701235.1	Dissulfurispira thermophila T55J DNA, complete genome.	1.0	1	2392	8	9	2	Complete	65742	PRJDB9418	SAMD00209863		na	2715679.0	2715679.0	Dissulfurispira thermophila	strain=T55J		latest	Complete Genome	Major	Full	2020/09/12	ASM1470123v1	Hokkaido University	GCF_014701235.1	identical	ftp://ftp.ncbi.nlm.nih.gov/genomes/all/GCA/014/701/235/GCA_014701235.1_ASM1470123v1	nan	assembly from type material	No	Dissulfurispira thermophila	Dissulfurispira thermophila	Bacteria	Nitrospirota	Thermodesulfovibrionia	Thermodesulfovibrionales	Dissulfurispiraceae	Dissulfurispira	Dissulfurispira thermophila
GCA_015099395.1	Ktedonobacteria bacterium brp13 DNA, complete genome.	1.0	1	7205	71	4	14	Complete	501493	PRJDB9475	SAMD00224141		na	2717365.0	2717365.0	Ktedonobacteria bacterium brp13	strain=brp13		latest	Complete Genome	Major	Full	2020/10/09	ASM1509939v1	Hirosaki University	na	na	ftp://ftp.ncbi.nlm.nih.gov/genomes/all/GCA/015/099/395/GCA_015099395.1_ASM1509939v1	genus undefined		No	Ktedonobacteria bacterium brp13	Ktedonobacteria bacterium brp13	Bacteria	Chloroflexota	Ktedonobacteria	Ktedonobacterales	Ktedonobacteraceae	Dictyobacter	Dictyobacter sp015099395
GCA_013004105.1	Gemmatimonas sp. TET16 chromosome, complete genome.	1.0	1	4390	29	8	5	Complete	131511	PRJNA629660	SAMN14785845		na	2732249.0	2732249.0	Gemmatimonas sp. TET16	strain=TET16		latest	Complete Genome	Major	Full	2020/05/10	ASM1300410v1	Aarhus University	GCF_013004105.1	identical	ftp://ftp.ncbi.nlm.nih.gov/genomes/all/GCA/013/004/105/GCA_013004105.1_ASM1300410v1	nan		No	Gemmatimonas groenlandica	Gemmatimonas groenlandica	Bacteria	Gemmatimonadota	Gemmatimonadetes	Gemmatimonadales	Gemmatimonadaceae	Gemmatimonas	Gemmatimonas sp013004105
GCA_015709495.1	Chthonomonadaceae bacterium isolate H1_ARM1 chromosome, complete	1.0	1	2631	23	1	1	Complete	24691	PRJNA627084	SAMN15013926		na	2739509.0	2739509.0	Chthonomonadaceae bacterium		H1_ARM1	latest	Complete Genome	Major	Full	2020/12/01	ASM1570949v1	The University of Hong Kong	na	na	ftp://ftp.ncbi.nlm.nih.gov/genomes/all/GCA/015/709/495/GCA_015709495.1_ASM1570949v1	derived from metagenome; genus undefined		Yes	Chthonomonadaceae bacterium	Chthonomonadaceae bacterium	Bacteria	Armatimonadota	Fimbriimonadia	Fimbriimonadales	Fimbriimonadaceae	H1-ARM1	H1-ARM1 sp001567425
GCA_013752535.1	Bdellovibrio sp. KM01 chromosome, complete genome.	1.0	1	3769	32	4	2	Complete	46433	PRJNA642028	SAMN15375886		na	2748865.0	2748865.0	Bdellovibrio sp. KM01	strain=KM01		latest	Complete Genome	Major	Full	2020/07/27	ASM1375253v1	Providence College	GCF_013752535.1	identical	ftp://ftp.ncbi.nlm.nih.gov/genomes/all/GCA/013/752/535/GCA_013752535.1_ASM1375253v1	nan		No	Bdellovibrio sp. KM01	Bdellovibrio sp. KM01	Bacteria	Bdellovibrionota	Bdellovibrionia	Bdellovibrionales	Bdellovibrionaceae	Bdellovibrio	Bdellovibrio sp013752535
GCA_002563855.1	Thermoflexus hugenholtzii strain G233 Ga0070143_11, whole genome	1.0	1	2656	13	4	2	Complete	71117	PRJNA323209	SAMN05216314	PDJQ00000000.1	na	2761530.0	2761530.0	Chloroflexi bacterium G233	strain=G233		latest	Contig	Major	Full	2017/10/17	ASM256385v1	DOE Joint Genome Institute	GCF_002563855.1	identical	ftp://ftp.ncbi.nlm.nih.gov/genomes/all/GCA/002/563/855/GCA_002563855.1_ASM256385v1	genus undefined		No	Chloroflexi bacterium G233	Chloroflexi bacterium G233	Bacteria	Chloroflexota	Dehalococcoidia	Tepidiformales	Tepidiformaceae	Tepidiforma	Tepidiforma sp002563855
GCA_015775515.1	Candidatus Atribacteria bacterium strain RT761 chromosome, complete	1.0	1	2759	4	10	4	Complete	115254	PRJNA528842	SAMN11246273		na	2053509.0	2053509.0	Candidatus Atribacteria bacterium	strain=RT761		latest	Complete Genome	Major	Full	2020/12/07	ASM1577551v1	National Institute of Advanced Industrial Science and Technology	na	na	ftp://ftp.ncbi.nlm.nih.gov/genomes/all/GCA/015/775/515/GCA_015775515.1_ASM1577551v1	genus undefined		No	Candidatus Atribacteria bacterium	Candidatus Atribacteria bacterium	Bacteria	Atribacterota	Atribacteria	Atribacterales	Atribacteraceae	Atribacter	Atribacter laminatus
